COMPANY,LINK
UPSC,https://upsc.gov.in//examinations/Central%20Armed%20Police%20Forces%20%28ACs%29%20Examination%2C%202025
UPSC,https://upsc.gov.in//examinations/Combined%20Medical%20Services%20Examination%2C%202025
UPSC,https://upsc.gov.in//examinations/Indian%20Economic%20Service%20-%20Indian%20Statistical%20Service%20Examination%2C%202025
UPSC,https://upsc.gov.in//examinations/Indian%20Forest%20Service%20%28Preliminary%29%20Examination%2C%202025%20through%20CS%28P%29%20Examination%202025
UPSC,https://upsc.gov.in//examinations/Civil%20Services%20%28Preliminary%29%20Examination%2C%202025
UPSC,https://upsc.gov.in//examinations/Combined%20Defence%20Services%20Examination%20%28I%29%2C%202024%20%28OTA%29
UPSC,https://upsc.gov.in//examinations/National%20Defence%20Academy%20and%20Naval%20Academy%20Examination%20%28I%29%2C%202025
UPSC,https://upsc.gov.in//examinations/Combined%20Defence%20Services%20Examination%20%28I%29%2C%202025
UPSC,https://upsc.gov.in//examinations/CISF%20AC%28EXE%29%20LDCE-2025
UPSC,https://upsc.gov.in//examinations/Combined%20Section%20Officer%20%28Grade-B%29%20LDCE%2C%202024
UPSC,https://upsc.gov.in//examinations/Engineering%20Services%20%28Preliminary%29%20Examination%2C%202025
UPSC,https://upsc.gov.in//examinations/Combined%20Geo-Scientist%20%28Preliminary%29%20Examination%2C%202025
UPSC,https://upsc.gov.in//examinations/Indian%20Forest%20Service%20%28Main%29%20Examination%2C%202024
UPSC,https://upsc.gov.in//examinations/Civil%20Services%20%28Main%29%20Examination%2C%202024
UPSC,https://upsc.gov.in//examinations/National%20Defence%20Academy%20and%20Naval%20Academy%20Examination%20%28II%29%2C%202024
UPSC,https://upsc.gov.in//examinations/Combined%20Defence%20Services%20Examination%20%28II%29%2C%202024
UPSC,https://upsc.gov.in//examinations/Central%20Armed%20Police%20Forces%20%28ACs%29%20Examination%2C%202024
UPSC,https://upsc.gov.in//examinations/Indian%20Forest%20Service%20%28Preliminary%29%20Examination%2C%202024%20through%20CS%28P%29%20Examination%202024
UPSC,https://upsc.gov.in//examinations/Civil%20Services%20%28Preliminary%29%20Examination%2C%202024
UPSC,https://upsc.gov.in//examinations/Combined%20Defence%20Services%20Examination%20%28I%29%2C%202024