OJAS,https://ojas.gujarat.gov.in/Home.aspx
High Court Of Gujarat,https://gujarathighcourt.nic.in/currentopenings
GPSC ,https://gpsc.gujarat.gov.in/
GUVNL,https://www.guvnl.com/guvnl_vacancies.html
PGVCL ,https://www.pgvcl.com/jobs/index.php
MGVCL,https://www.mgvcl.com/Career
UGVCL ,https://www.ugvcl.com/recadvt
GETCO,https://www.getcogujarat.com/getco_newsite/Career.php
GSECL,https://www.gsecl.in/career/
Bank Of Baroda,https://www.bankofbaroda.in/career/current-opportunities
GTET,https://www.sebexam.org/
GSSSB,https://gsssb.gujarat.gov.in/News/Index
GUJCET,https://gujcet.gseb.org/