RPSC,https://rpsc.rajasthan.gov.in/
RSSB,https://rssb.rajasthan.gov.in/
Rajasthan Police Force,https://police.rajasthan.gov.in/
HCRAJ,https://hcraj.nic.in/hcraj/
REET,https://education.rajasthan.gov.in/home
CRB,https://rajcrb.rajasthan.gov.in/
DMHFW,https://rajswasthya.rajasthan.gov.in/
RSRTC,https://transport.rajasthan.gov.in/content/transportportal/en.html
AGRI,https://agriculture.rajasthan.gov.in/home
Rajasthan Forest,https://forest.rajasthan.gov.in/content/raj/forest/en/home.html#
Rajasthan Environment,https://environment.rajasthan.gov.in/content/environment/en.html#
RSLDC,https://livelihoods.rajasthan.gov.in/home
RTO,https://transport.rajasthan.gov.in/content/transportportal/en/metro-portal/career/jmrc-recruitment-portal.html
CET,https://cetexams.in/
RSEB,https://rajeduboard.rajasthan.gov.in/
RSMSSB,https://rsmssb.rajasthan.gov.in/page?menuName=EJwE/Y7GD1hMok0YfKTFOtUJMJFGLBa;455611;jbRgWtRe9q4=